,Stock_Ticker
0,CMCSA
1,KMI
2,INTC
3,MU
4,GE
5,BAC
6,AAPL
7,MSFT
8,SIRI
9,HPQ
10,CX
11,CZR
12,F
13,AMD
14,SNAP
15,FB
16,WFC
17,AIG
18,T
19,C
20,VALE
21,MS
22,AKS
23,JPM
24,ORCL
25,NKE
26,PG
27,GSM
28,HK
29,BBD
30,PFE
31,JD
32,NOK
33,TWTR
34,AVGO
35,AMAT
36,ZNGA
37,XOM
38,QCOM
39,VIPS
40,CSCO
41,AXP
42,BMY
43,V
44,USO
45,GRPN
46,WP
47,GERN
48,KEY
49,RF
50,KR
51,HAL
52,BABA
53,MRO
54,GILD
55,GM
56,FCX
57,CRM
58,ATVI
59,SQ
60,NUE
61,SWN
62,LOW
63,RAD
64,VEON
65,APC
66,ESV
67,SLB
68,FLEX
69,FOXA
70,ABBV
71,GIS
72,VZ
73,XRX
74,CVLT
75,X
76,MAT
77,CTL
78,MIK
79,DVN
80,IBN
81,MPC
82,PM
83,MSCI
84,RDN
85,KO
86,SRC
87,COP
88,CHK
89,DIS
90,LEN
91,CVX
92,PYPL
93,AUY
94,WMT
95,CLF
96,MRK
97,MDLZ
98,MGM
99,GFI
100,KGC
101,SCHW
102,NBR
103,SRCI
104,JAG
105,NVDA
106,JNJ
107,WDC
108,BSX
109,ON
110,ITUB
111,BK
112,HMY
113,APA
114,HOME
115,NGD
116,KOS
117,DAL
118,INFY
119,CCL
120,MFGP
121,PBR
122,DISCA
123,LPI
124,ABT
125,FITB
126,PTEN
127,USB
128,BA
129,GGB
130,JBLU
131,QEP
132,EBAY
133,HBAN
134,DB
135,MRVL
136,WBA
137,CDNA
138,KNX
139,KBH
140,DISCK
141,PGR
142,MO
143,MDT
144,RIG
145,BCS
146,CDEV
147,DNR
148,EOG
149,HPE
150,TXN
151,OAS
152,OKE
153,CVS
154,HES
155,GDDY
156,BX
157,NLSN
158,TS
159,BOX
160,OXY
161,CVE
162,FTI
163,AA
164,ABEV
165,EQR
166,MDR
167,TAL
168,UNH
169,ECA
170,GES
171,AMZN
172,NFLX
173,ENTG
174,CSX
175,WYNN
176,FOX
177,CNC
178,ZION
179,CLDR
180,RES
181,CI
182,SYNH
183,HBI
184,PAYX
185,D
186,CHS
187,CFG
188,SU
189,MMM
190,BIIB
191,JBL
192,ACN
193,NTR
194,BRFS
195,SBUX
196,PE
197,LVS
198,EGO
199,GSK
200,TEVA
201,PAA
202,VLO
203,IMAX
204,FNB
205,ADSK
206,HD
207,BIDU
208,AR
209,ARNC
210,VOYA
211,MLCO
212,SM
213,NTRS
214,DHI
215,UAL
216,HRB
217,BTU
218,JBGS
219,IPG
220,DE
221,KHC
222,COG
223,IBM
224,NYT
225,AAL
226,OLN
227,JCI
228,VICI
229,VST
230,NWL
231,EPD
232,KMB
233,AEP
234,IT
235,CAT
236,AU
237,MYL
238,XRAY
239,KKR
240,CMC
241,JCP
242,TMUS
243,NRG
244,CPB
245,ATHM
246,WRB
247,MOMO
248,TGT
249,TV
250,GLW
251,MAS
252,DOV
253,HRL
254,S
255,TECK
256,AES
257,PPL
258,SEE
259,NLY
260,FRC
261,STX
262,ADBE
263,K
264,RTN
265,M
266,TSLA
267,CY
268,TSM
269,STL
270,NYCB
271,TRQ
272,NBL
273,FDC
274,BAH
275,ARI
276,MET
277,AFL
278,TPR
279,WPM
280,LNT
281,BTG
282,UTX
283,WLL
284,LKQ
285,PCG
286,CENX
287,PGNX
288,CLR
289,FCAU
290,IMGN
291,HL
292,LULU
293,UAA
294,CAG
295,STLD
296,PEP
297,SO
298,COST
299,GKOS
300,CCI
301,ZTO
302,GS
303,ZAYO
304,ADT
305,ALTR
306,EMR
307,CNP
308,ALXN
309,COTY
310,MA
311,AWI
312,ADP
313,BBVA
314,MNST
315,AER
316,GTN
317,CDE
318,NCR
319,AMT
320,PSTG
321,SJM
322,ETN
323,DUK
324,CL
325,IDRA
326,KAR
327,NEE
328,PXD
329,WPX
330,ADM
331,VTR
332,VMW
333,RIGL
334,DKS
335,FG
336,WTI
337,LRCX
338,NXPI
339,CE
340,HUN
341,CSTM
342,VER
343,GPK
344,WELL
345,TJX
346,PLD
347,KSS
348,XEC
349,DRI
350,ENDP
351,ATI
352,IAG
353,VFC
354,BDN
355,HON
356,YNDX
357,GOOGL
358,ICE
359,OMER
360,WY
361,BLL
362,CGNX
363,AMGN
364,FSLR
365,IVZ
366,DG
367,SID
368,SLM
369,SLCA
370,SGU
371,ODP
372,PK
373,TLGT
374,TOL
375,PDCO
376,Z
377,BCO
378,CME
379,BKD
380,PPBI
381,JMEI
382,ETFC
383,AIV
384,EXC
385,TAP
386,UNP
387,BDX
388,GME
389,PEGI
390,MX
391,RLJ
392,LB
393,TIF
394,DLPH
395,NCLH
396,NOV
397,CNDT
398,LMT
399,MTZ
400,WEN
401,GPS
402,SYY
403,CEF
404,WDR
405,FTV
406,BKI
407,CTSH
408,HOLX
409,EIX
410,CTXS
411,AMTD
412,CPE
413,CF
414,PNC
415,SABR
416,WIT
417,LYB
418,DISH
419,NE
420,MGA
421,AEO
422,BP
423,XEL
424,NTNX
425,VVV
426,HQY
427,ARCC
428,UPS
429,MUR
430,VMC
431,NOMD
432,ANTM
433,GD
434,BXMT
435,NWS
436,IP
437,CLI
438,ZBH
439,NVAX
440,LPX
441,BBY
442,GRUB
443,BG
444,LC
445,PWR
446,TNDM
447,DXCM
448,NTCT
449,NYMT
450,NEM
451,BEN
452,SHLX
453,NAVI
454,PBH
455,SBH
456,NI
457,LLY
458,STNG
459,TTWO
460,LADR
461,FHN
462,GOOG
463,HSIC
464,RSG
465,BIG
466,CYH
467,PAYC
468,GCP
469,YUM
470,STZ
471,LBTYK
472,LYG
473,MEOH
474,GIII
475,USFD
476,SFM
477,THC
478,DOC
479,ALLY
480,QRVO
481,TOPS
482,AVP
483,EVR
484,CMS
485,DOX
486,RIO
487,HMHC
488,NMRK
489,PDM
490,KMT
491,SRNE
492,HP
493,FLR
494,BFR
495,JHG
496,FDX
497,EMN
498,OPK
499,LNG
500,WU
501,BAX
502,AOBC
503,CARS
504,NUAN
505,TEL
506,MLM
507,GWW
508,PBF
509,AGN
510,GT
511,EA
512,GPRO
513,BW
514,CMI
515,CNQ
516,HCA
517,INXN
518,VRTX
519,QTS
520,SAN
521,CNHI
522,CNX
523,INFO
524,YY
525,ES
526,FWONK
527,ARMK
528,OII
529,NOW
530,APTV
531,HOMB
532,QD
533,NSC
534,NKTR
535,PSX
536,CERN
537,AKAM
538,CS
539,PNW
540,AMH
541,CDNS
542,FOE
543,A
544,MDRX
545,MOS
546,CTB
547,LPL
548,SKX
549,HST
550,UE
551,PHM
552,MT
553,ISBC
554,CAAP
555,WRE
556,RRC
557,FL
558,NTAP
559,AGO
560,DRE
561,BBBY
562,CCJ
563,MAR
564,AXTA
565,VIAV
566,SHOO
567,CONE
568,LOGM
569,AEM
570,BB
571,CB
572,PRU
573,RUN
574,MNK
575,PVG
576,HA
577,PBCT
578,UCBI
579,LBTYA
580,AVYA
581,CBSH
582,SC
583,ANF
584,HIG
585,ITW
586,AZN
587,YELP
588,MTOR
589,ARRY
590,EVC
591,IRM
592,TSCO
593,POST
594,EL
595,ING
596,UBS
597,KRG
598,VSH
599,TER
600,TWLO
601,TRUE
602,RLGY
603,HPP
604,CNO
605,JNPR
606,URBN
607,ROKU
608,FEDU
609,ETM
610,BANC
611,INVH
612,OMF
613,LW
614,CTRE
615,NHI
616,CBL
617,FE
618,NOC
619,ASH
620,MCHP
621,KLIC
622,O
623,FET
624,TPH
625,AMX
626,FLO
627,SPN
628,SHO
629,TEAM
630,COF
631,PFPT
632,FLT
633,PLUG
634,HIMX
635,IGT
636,FANG
637,TROW
638,ARLP
639,RXN
640,OSK
641,DHR
642,BLMN
643,UPL
644,AMN
645,PPC
646,GNTX
647,RCL
648,INTU
649,W
650,PCAR
651,IR
652,PEG
653,FBP
654,WEC
655,MDC
656,TISI
657,YUMC
658,HMSY
659,IMMU
660,ALV
661,BHP
662,BXP
663,BYD
664,WGO
665,KSU
666,PUMP
667,XLNX
668,NOG
669,GLOG
670,FOLD
671,JBHT
672,FBHS
673,TXT
674,EXPD
675,PDLI
676,EXPE
677,WERN
678,AGI
679,ED
680,HCSG
681,DVAX
682,DLTR
683,GNC
684,OUT
685,MTSI
686,DBD
687,CBT
688,STOR
689,BGCP
690,ABB
691,GTE
692,SWKS
693,CP
694,PNR
695,PKI
696,IIVI
697,CROX
698,ASB
699,UHS
700,ENB
701,TDC
702,AG
703,ACHC
704,NAT
705,MLHR
706,SPG
707,QRTEA
708,TRIP
709,TRP
710,FAST
711,RH
712,CBRE
713,HGV
714,AEG
715,BTI
716,NVS
717,EWBC
718,QSR
719,GSAT
720,TTPH
721,VRAY
722,SGH
723,ALNY
724,BMRN
725,CASA
726,CXP
727,AGNC
728,HRTX
729,LDOS
730,VSLR
731,MPW
732,TXMD
733,CIM
734,INSM
735,ETH
736,NG
737,BGFV
738,AEE
739,HCC
740,LAMR
741,FIT
742,EXEL
743,HZNP
744,ADI
745,AKBA
746,OLED
747,EYE
748,MBT
749,TMO
750,LBRDA
751,OFC
752,STT
753,HLF
754,WRK
755,BR
756,MCD
757,PRO
758,SSNC
759,TWO
760,CHTR
761,AXL
762,ACAD
763,VLY
764,VOD
765,EXTR
766,BTE
767,FEYE
768,SUN
769,VECO
770,ZEN
771,ATEN
772,CRC
773,ATUS
774,CRI
775,MANH
776,AGCO
777,TILE
778,MCFT
779,DHT
780,AVA
781,WLK
782,PSA
783,AAWW
784,WIX
785,USCR
786,INO
787,AAOI
788,ERI
789,FOSL
790,STE
791,OSTK
792,FOXF
793,MDGS
794,AZPN
795,DCI
796,FTAI
797,DSS
798,ONVO
799,AIZ
800,IRBT
801,SBLK
802,CWST
803,BURL
804,LEG
805,COR
806,AAN
807,SOI
808,PRA
809,GPMT
810,NBLX
811,INT
812,UMBF
813,LPG
814,SOHU
815,IPHI
816,FGEN
817,BAP
818,BC
819,FTR
820,OCSL
821,MBUU
822,ACHN
823,HTLF
824,BLKB
825,SNN
826,CUBI
827,ENPH
828,CADE
829,AJRD
830,APAM
831,PEI
832,HLIT
833,ST
834,IPAR
835,CRTO
836,AKR
837,MRTX
838,ZUMZ
839,BRSS
840,MLI
841,ROG
842,UMC
843,QHC
844,BAND
845,ABMD
846,KEYS
847,HRC
848,SSP
849,FRT
850,NDSN
851,ALSK
852,ASC
853,BATRK
854,STC
855,IRT
856,FFBC
857,DLTH
858,LII
859,OSG
860,GOOS
861,AXTI
862,EGRX
863,BMO
864,EVV
865,DBVT
866,EPAM
867,GDEN
868,PVH
869,CRBP
870,MTD
871,BCRX
872,ASNA
873,TOWN
874,CBPO
875,FIVN
876,EGHT
877,ESS
878,JKHY
879,INGR
880,HT
881,EPAY
882,GTXI
883,CPHI
884,ADSW
885,WPC
886,VRSK
887,ICLR
888,AQMS
889,AWR
890,DRRX
891,VRA
892,WLKP
893,SNHY
894,BFAM
895,IOVA
896,TEN
897,SUP
898,LL
899,TRXC
900,LEA
901,APD
902,OSUR
903,AVT
904,SXC
905,ATTO
906,NVCR
907,DAR
908,PCH
909,SAFM
910,CRIS
911,RMBS
912,PRTK
913,AJG
914,RGA
915,GMLP
916,TAST
917,KB
918,OTEX
919,FHB
920,SANM
921,SNV
922,MOD
923,MGI
924,WBC
925,SNA
926,ELGX
927,KOPN
928,CLDT
929,AIMT
930,OSBC
931,BRKL
932,DEO
933,UNFI
934,ONDK
935,SAH
936,NVTA
937,HZO
938,TNK
939,SATS
940,SLGN
941,IBKR
942,HMC
943,GPI
944,CPA
945,ROCK
946,RNWK
947,HOV
948,ASTE
949,CTLT
950,DMRC
951,CUTR
952,UEPS
953,AMCX
954,NMM
955,SAIC
956,DIOD
957,RARE
958,INOV
959,TPX
960,MYOK
961,BNFT
962,PLYA
963,CSFL
964,CFFN
965,HSII
966,GDS
967,UL
968,LOPE
969,TCMD
970,HVT
971,GOLD
972,RLI
973,KEX
974,SMTC
975,OR
976,XNCR
977,B
978,DIN
979,SCHN
980,OMN
981,NM
982,HSON
983,UBSI
984,FPRX
985,GVA
986,EVTC
987,SMCI
988,FLXN
989,DESP
990,CFMS
991,TGP
992,ENZ
993,KRA
994,WLTW
995,CDXS
996,FCFS
997,I
998,URG
999,VREX
1000,KDMN
1001,CNS
1002,LM
1003,BITA
1004,LXU
1005,SON
1006,ROP
1007,NLS
1008,SITE
1009,LSXMK
1010,MSTR
1011,ZIOP
1012,GRMN
1013,MEDP
1014,TEF
1015,CSLT
1016,KEP
1017,CEIX
1018,GIL
1019,NVGS
1020,MCC
1021,MCY
1022,TWOU
1023,MDGL
1024,AZUL
1025,TCS
1026,ACTG
1027,GATX
1028,SRG
1029,AMWD
1030,CATY
1031,MSM
1032,COLB
1033,GBT
1034,GEF
1035,LOMA
1036,MPAA
1037,HCHC
1038,GGG
1039,BPFH
1040,TDS
1041,COWN
1042,MTH
1043,GTLS
1044,SKYW
1045,CONN
1046,EZPW
1047,GNL
1048,BXC
1049,NPO
1050,RCI
1051,BSMX
1052,MHLD
1053,MLNX
1054,AERI
1055,BAK
1056,SEM
1057,CCU
1058,KPTI
1059,WAGE
1060,GEL
1061,AVID
1062,HEP
1063,SLDB
1064,GNRC
1065,WD
1066,SHLO
1067,AMID
1068,TBBK
1069,IVC
1070,TOUR
1071,ITT
1072,MTRX
1073,SPWR
1074,CHH
1075,TMK
1076,TOT
1077,PGTI
1078,MDP
1079,SLAB
1080,DATA
1081,WWE
1082,RNG
1083,EHC
1084,PEGA
1085,NOVT
1086,DTE
1087,MYGN
1088,DEA
1089,MINI
1090,PXLW
1091,ERF
1092,AEIS
1093,ETV
1094,LHCG
1095,NDAQ
1096,NFG
1097,WSFS
1098,CNNE
1099,WCC
1100,BRC
1101,PIRS
1102,AAT
1103,ENR
1104,NSA
1105,ABIO
1106,RFP
1107,SRRA
1108,EE
1109,VRTU
1110,MMYT
1111,MEET
1112,UTHR
1113,CALM
1114,ALRM
1115,USAC
1116,MKTX
1117,LSCC
1118,PTGX
1119,WSR
1120,RWT
1121,ECPG
1122,SFL
1123,AME
1124,BKNG
1125,CSTE
1126,QNST
1127,SR
1128,PMTS
1129,SIMO
1130,AMED
1131,HRTG
1132,VNET
1133,AYX
1134,CHRS
1135,KEM
1136,BWB
1137,BEDU
1138,CIB
1139,PES
1140,FSP
1141,IIIN
1142,BLD
1143,HFWA
1144,SCSC
1145,QADA
1146,SALT
1147,BHLB
1148,CASI
1149,TSC
1150,RE
1151,LUNA
1152,FBC
1153,CLS
1154,EVLV
1155,SFNC
1156,GBX
1157,VRS
1158,HUBB
1159,GLOW
1160,GTT
1161,PBA
1162,LTS
1163,UAN
1164,GMED
1165,VERU
1166,PB
1167,VVI
1168,MRCY
1169,TU
1170,LCII
1171,IBKC
1172,ICFI
1173,ACIW
1174,PTCT
1175,TFSL
1176,ATNM
1177,CSU
1178,RRGB
1179,HUD
1180,CECE
1181,IART
1182,CHU
1183,APTS
1184,III
1185,JILL
1186,YRCW
1187,CNAT
1188,WWW
1189,LXRX
1190,PRAA
1191,RPT
1192,STMP
1193,SCVL
1194,CORE
1195,AFG
1196,KRNT
1197,CYD
1198,MYRG
1199,BANR
1200,CRESY
1201,FPH
1202,MNR
1203,FN
1204,CPK
1205,ORC
1206,SLF
1207,KL
1208,VSAT
1209,CHFC
1210,WK
1211,ADMS
1212,FUN
1213,SIGI
1214,CACI
1215,RMTI
1216,SUPV
1217,ALKS
1218,GLDD
1219,BOH
1220,FIZZ
1221,LIQT
1222,CEPU
1223,SBBP
1224,DORM
1225,EVBG
1226,AKCA
1227,AEMD
1228,ENV
1229,AIN
1230,CAE
1231,ATRS
1232,QES
1233,HXL
1234,SWM
1235,TUSK
1236,EME
1237,VUZI
1238,OFG
1239,GLT
1240,PHG
1241,CMO
1242,AZO
1243,JKS
1244,SNCR
1245,PTI
1246,LKSD
1247,TM
1248,UVV
1249,EIGI
1250,BIOC
1251,HUBG
1252,LAD
1253,TWI
1254,SNBR
1255,RYAM
1256,LOGI
1257,DCO
1258,FLWS
1259,FCPT
1260,EBIX
1261,ENBL
1262,MFG
1263,ANAB
1264,ABUS
1265,CBB
1266,MSG
1267,ANSS
1268,STML
1269,NVRO
1270,MMS
1271,HTGC
1272,CBRL
1273,GEN
1274,ADXS
1275,ITRI
1276,GBCI
1277,NR
1278,ERII
1279,CLMT
1280,AINV
1281,FMS
1282,RDY
1283,CERS
1284,SDRL
1285,BL
1286,TLK
1287,SSYS
1288,HTH
1289,LKFN
1290,ANGO
1291,PKX
1292,SVM
1293,ENT
1294,AEGN
1295,AXE
1296,BTX
1297,LE
1298,ACIA
1299,PAG
1300,PRIM
1301,CTMX
1302,RDUS
1303,BBGI
1304,CASH
1305,SITO
1306,PINC
1307,GWPH
1308,SFBS
1309,SMPL
1310,FNKO
1311,RBS
1312,SSTK
1313,ZBRA
1314,BMA
1315,BGG
1316,GABC
1317,NCMI
1318,PCSB
1319,EROS
1320,HIVE
1321,INST
1322,FDP
1323,MGLN
1324,ADMP
1325,EDIT
1326,TLRA
1327,AB
1328,GAIA
1329,PRGS
1330,TRMK
1331,ACRS
1332,MSGN
1333,NUS
1334,SPSC
1335,EFSC
1336,BOKF
1337,MD
1338,PSMT
1339,FTK
1340,UVSP
1341,OCFC
1342,RADA
1343,PAM
1344,GOGL
1345,CNCE
1346,CCRN
1347,JBT
1348,PJT
1349,RUBI
1350,BKE
1351,RHP
1352,IRTC
1353,ADC
1354,ENVA
1355,QTNT
1356,CMRE
1357,EGAN
1358,ZGNX
1359,TPIC
1360,ARW
1361,TA
1362,AMG
1363,FRTA
1364,INWK
1365,PI
1366,NMR
1367,UCFC
1368,MNRO
1369,FMBI
1370,ACLS
1371,ITCI
1372,LSI
1373,VIVO
1374,MCHX
1375,EPR
1376,CRAI
1377,DSGX
1378,CTIC
1379,AIT
1380,HCM
1381,TREE
1382,MODN
1383,AXAS
1384,CTSO
1385,SNX
1386,ACOR
1387,PCTY
1388,TX
1389,BSAC
1390,ALIM
1391,LILAK
1392,PTR
1393,ASUR
1394,SSL
1395,GSS
1396,HMN
1397,NTLA
1398,AEHR
1399,BMI
1400,CHCT
1401,MSBI
1402,GNMK
1403,HLNE
1404,HHC
1405,PMT
1406,APPS
1407,SHAK
1408,GOLF
1409,WTTR
1410,APU
1411,VYGR
1412,DOOR
1413,LGND
1414,EBSB
1415,CENTA
1416,EGP
1417,SNPS
1418,FCEL
1419,PSO
1420,EEX
1421,UIHC
1422,VCV
1423,BIO
1424,E
1425,MIME
1426,KRC
1427,RVNC
1428,NATI
1429,ACCO
1430,PLXS
1431,TRNO
1432,ASGN
1433,CVNA
1434,MANT
1435,GSUM
1436,OMAB
1437,VNOM
1438,TCPC
1439,IBTX
1440,ZN
1441,DSPG
1442,FWONA
1443,GER
1444,QTRX
1445,ZEAL
1446,ATKR
1447,UHAL
1448,SJR
1449,BOLD
1450,AI
1451,SA
1452,BCOV
1453,ACBI
1454,CVBF
1455,NGVT
1456,BY
1457,LSXMA
1458,PATK
1459,INUV
1460,SYNC
1461,VBLT
1462,VMI
1463,HF
1464,BPMC
1465,SASR
1466,AYR
1467,NBRV
1468,TVTY
1469,FCN
1470,ATOM
1471,WEX
1472,AQXP
1473,NXST
1474,CURO
1475,KODK
1476,MTRN
1477,TECH
1478,WING
1479,ALO
1480,HAFC
1481,FI
1482,ADES
1483,ATRA
1484,BOOM
1485,GLYC
1486,SPH
1487,GCAP
1488,NEWR
1489,VCRA
1490,BZH
1491,PRI
1492,TCO
1493,EXLS
1494,QLYS
1495,QURE
1496,RTRX
1497,STAR
1498,WIFI
1499,CLSD
1500,ICUI
1501,WVE
1502,MNTX
1503,LSTR
1504,LTC
1505,ELS
1506,TGS
1507,CDR
1508,ABDC
1509,VGZ
1510,NAK
1511,ASIX
1512,GMZ
1513,SYBX
1514,TEO
1515,WASH
1516,XLRN
1517,RMNI
1518,LMAT
1519,HMI
1520,SRT
1521,BPY
1522,CBZ
1523,BLRX
1524,KIRK
1525,CDZI
1526,SAIA
1527,CRMD
1528,THM
1529,RRTS
1530,INSY
1531,OGS
1532,AY
1533,CMD
1534,LBY
1535,RBC
1536,CIO
1537,FNJN
1538,ADUS
1539,LBAI
1540,NWE
1541,PLT
1542,GOL
1543,ELF
1544,VAC
1545,OMCL
1546,UFPI
1547,IBOC
1548,ZAGG
1549,VEC
1550,WBK
1551,HELE
1552,CRHM
1553,FGP
1554,XSPA
1555,BRG
1556,GSV
1557,PCMI
1558,AIR
1559,POL
1560,EBR
1561,TRVG
1562,HIIQ
1563,SIEN
1564,HASI
1565,CVI
1566,CPLP
1567,JOBS
1568,BXG
1569,FBK
1570,NICE
1571,KALU
1572,ACC
1573,RELX
1574,CAMP
1575,ICON
1576,JE
1577,ASPS
1578,RGS
1579,BNO
1580,ZIXI
1581,ITGR
1582,CGBD
1583,MNLO
1584,RGEN
1585,KRO
1586,SB
1587,AOSL
1588,CVGW
1589,DSKE
1590,DGICA
1591,CCO
1592,TUES
1593,SILC
1594,RGLD
1595,GBDC
1596,OCSI
1597,TSG
1598,EBS
1599,EURN
1600,QTWO
1601,SAGE
1602,NOA
1603,APVO
1604,CALX
1605,PLAB
1606,RARX
1607,AGYS
1608,AHT
1609,CALA
1610,TGH
1611,CG
1612,EVA
1613,ATR
1614,TRST
1615,SYKE
1616,TEDU
1617,FWRD
1618,ABG
1619,LBC
1620,MARA
1621,DS
1622,FLIC
1623,ARDX
1624,ARR
1625,ADAP
1626,ATGE
1627,WHD
1628,LEXEA
1629,LECO
1630,TRVN
1631,FSB
1632,CATO
1633,MTX
1634,FENG
1635,LJPC
1636,TREX
1637,FTS
1638,CCS
1639,CHUY
1640,MLNT
1641,CLB
1642,CTRN
1643,VSTM
1644,CIT
1645,UTI
1646,GPL
1647,INTT
1648,BGB
1649,IBP
1650,CENT
1651,SPTN
1652,NML
1653,NSIT
1654,AMRS
1655,EQBK
1656,SEAC
1657,RVLT
1658,RNGR
1659,INAP
1660,ARGX
1661,RACE
1662,STKL
1663,ROL
1664,KOP
1665,STAA
1666,TCRD
1667,LFUS
1668,CYBR
1669,APOG
1670,MPWR
1671,MBIN
1672,HI
1673,FELE
1674,SSB
1675,WBAI
1676,ADMA
1677,GLP
1678,ITRN
1679,RYB
1680,MAIN
1681,INNT
1682,LANC
1683,PRGX
1684,CHDN
1685,DQ
1686,TYL
1687,AKTS
1688,SLP
1689,RICK
1690,AVAL
1691,PER
1692,ENTA
1693,EXPO
1694,FRGI
1695,HBIO
1696,DAKT
1697,AAON
1698,SKY
1699,FPL
1700,NSTG
1701,MOV
1702,GTS
1703,CDMO
1704,ARC
1705,KFY
1706,GIB
1707,BCEI
1708,DFIN
1709,NNI
1710,FLDM
1711,NTG
1712,CGIX
1713,RMAX
1714,CRVS
1715,HRI
1716,LDL
1717,PRLB
1718,BIT
1719,TECD
1720,MMI
1721,CR
1722,CEQP
1723,CRWS
1724,LNN
1725,TCBK
1726,SNDX
1727,CLNC
1728,INGN
1729,GSBC
1730,PEN
1731,AGR
1732,ANIP
1733,CETX
1734,GNCA
1735,LQDT
1736,PRSC
1737,TKC
1738,VMO
1739,CRK
1740,CYOU
1741,FATE
1742,NWN
1743,OSS
1744,TSQ
1745,PDVW
1746,CODI
1747,PBPB
1748,WAAS
1749,TACO
1750,AVAV
1751,IPGP
1752,TTOO
1753,SAM
1754,DSX
1755,IIPR
1756,AMPH
1757,CNMD
1758,NDLS
1759,ABCB
1760,BPMP
1761,PJC
1762,CYTK
1763,NTGR
1764,FONR
1765,UNF
1766,RDWR
1767,GIFI
1768,BGSF
1769,CACC
1770,EMO
1771,OSIS
1772,NEP
1773,EPM
1774,CNA
1775,CRY
1776,LAUR
1777,SSD
1778,AMBC
1779,TSLX
1780,CLUB
1781,PVAC
1782,TNC
1783,PNNT
1784,AGIO
1785,UGP
1786,CO
1787,TDY
1788,SFE
1789,TRTX
1790,PHYS
1791,RUTH
1792,SRCE
1793,HURN
1794,MNDO
1795,FTD
1796,HABT
1797,AKG
1798,CSS
1799,EARS
1800,HLTH
1801,SRI
1802,WLDN
1803,MEI
1804,SBSI
1805,OPTT
1806,WSC
1807,QCRH
1808,HSKA
1809,CVTI
1810,USPH
1811,JOE
1812,RMR
1813,CARA
1814,CMRX
1815,WATT
1816,CEI
1817,TARO
1818,SBCF
1819,TRTN
1820,NNBR
1821,SBT
1822,PARR
1823,OSB
1824,SSTI
1825,NNA
1826,PRPO
1827,SPKE
1828,REX
1829,EXTN
1830,FRME
1831,CBPX
1832,IDCC
1833,ROLL
1834,NSSC
1835,NEO
1836,FPI
1837,GLOB
1838,EMKR
1839,BNED
1840,FBNC
1841,LGCY
1842,SLRC
1843,CPF
1844,DSL
1845,MTBC
1846,NEON
1847,NXE
1848,PBFX
1849,RCUS
1850,AMRC
1851,SD
1852,EGLE
1853,MTEM
1854,EGBN
1855,THG
1856,NOAH
1857,IDA
1858,MED
1859,FRBK
1860,PEBO
1861,ODT
1862,LOB
1863,ETJ
1864,MCRI
1865,CRNT
1866,WMK
1867,IDT
1868,INSG
1869,ROYT
1870,RTTR
1871,TNP
1872,NGS
1873,CPSI
1874,AGS
1875,SCPH
1876,GPRK
1877,CLCT
1878,CDXC
1879,BBSI
1880,FOR
1881,VLRS
1882,ASMB
1883,CIR
1884,IPHS
1885,FARO
1886,THR
1887,LLEX
1888,RNR
1889,PICO
1890,CHE
1891,JRVR
1892,NBTB
1893,CMTL
1894,CRSP
1895,DHX
1896,IVAC
1897,VICL
1898,KFRC
1899,SMI
1900,CDTX
1901,CNOB
1902,GLAD
1903,UFCS
1904,CCMP
1905,TRS
1906,NSP
1907,BBN
1908,MEIP
1909,CLNE
1910,OMEX
1911,CBU
1912,XENT
1913,TCON
1914,NX
1915,STRA
1916,JAKK
1917,NERV
1918,RECN
1919,EARN
1920,ATNX
1921,NYMX
1922,ALNA
1923,AVX
1924,MYO
1925,PDFS
1926,MVIS
1927,TBK
1928,PFSI
1929,DSE
1930,AQN
1931,FIBK
1932,EDD
1933,FEI
1934,GPX
1935,MARK
1936,OPTN
1937,QTNA
1938,VOC
1939,SRV
1940,CRCM
1941,BLCM
1942,FFIN
1943,RGNX
1944,APPF
1945,KE
1946,ASR
1947,MBRX
1948,AFMD
1949,ASYS
1950,APEI
1951,HYGS
1952,PSB
1953,GORO
1954,MN
1955,NITE
1956,AFI
1957,VICR
1958,MORN
1959,EIGR
1960,ATRC
1961,ICD
1962,CW
1963,APLS
1964,ALE
1965,Y
1966,AUTO
1967,CKPT
1968,HTBI
1969,IDN
1970,KOF
1971,LYTS
1972,PHI
1973,UBNT
1974,ORA
1975,CMPR
1976,ESTE
1977,VKQ
1978,SRDX
1979,OCUL
1980,WSBC
1981,PFBC
1982,CARG
1983,EMAN
1984,EPZM
1985,WMC
1986,LX
1987,AIMC
1988,MFNC
1989,ADRO
1990,LEJU
1991,HMTV
1992,PAC
1993,CTEK
1994,PLX
1995,NVEE
1996,ATRO
1997,CFRX
1998,AZZ
1999,SJT
2000,DX
2001,IO
2002,BLX
2003,ENSG
2004,SXCP
2005,TOCA
2006,CYBE
2007,EFC
2008,AMTX
2009,ICL
2010,NHF
2011,RWLK
2012,NBEV
2013,ECOL
2014,SMHI
2015,SHEN
2016,AVH
2017,TOO
2018,ITI
2019,GV
2020,HNI
2021,LPTX
2022,NEU
2023,TIER
2024,FSS
2025,HCI
2026,IFMK
2027,NXRT
2028,FRPH
2029,JASN
2030,MRIN
2031,NVG
2032,PHT
2033,PRTS
2034,RLH
2035,VBTX
2036,FRO
2037,HY
2038,BCPC
2039,CLH
2040,USNA
2041,OTTR
2042,CTO
2043,VBIV
2044,TBPH
2045,WPP
2046,PAHC
2047,QUIK
2048,ALDX
2049,CKH
2050,OBE
2051,ONTX
2052,RST
2053,TREC
2054,WWR
2055,MATX
2056,HCKT
2057,BOMN
2058,WSBF
2059,PKE
2060,FFG
2061,MAXR
2062,JAGX
2063,CSII
2064,OXM
2065,PFLT
2066,CMT
2067,ALGT
2068,MFIN
2069,PKD
2070,FNHC
2071,FSV
2072,RDI
2073,RTIX
2074,SCON
2075,SMLP
2076,HTBK
2077,CLXT
2078,KNSL
2079,METC
2080,NEOG
2081,GTY
2082,WTS
2083,HMST
2084,FFIC
2085,CPL
2086,GNMX
2087,ECOM
2088,CEO
2089,GALT
2090,BBW
2091,IMKTA
2092,NRK
2093,RAIL
2094,INPX
2095,INDB
2096,AUPH
2097,LN
2098,NK
2099,CECO
2100,TR
2101,CABO
2102,LCUT
2103,ERIE
2104,BCX
2105,GPM
2106,HSTM
2107,AGM
2108,DFFN
2109,VIVE
2110,UMH
2111,FIX
2112,FDUS
2113,ANAT
2114,CIVB
2115,RKDA
2116,OFIX
2117,KVHI
2118,TTGT
2119,ARCB
2120,WABC
2121,ACRX
2122,CAI
2123,CNBKA
2124,GLMD
2125,GLOP
2126,LODE
2127,MDWD
2128,MG
2129,NOVN
2130,TANH
2131,UNT
2132,VHC
2133,ZFGN
2134,ZSAN
2135,VHI
2136,PUK
2137,CCXI
2138,UBFO
2139,CNXN
2140,JAX
2141,SONA
2142,ARA
2143,DLB
2144,HAYN
2145,TCX
2146,TPB
2147,KIN
2148,LABL
2149,MACK
2150,ACST
2151,THQ
2152,FFWM
2153,BIP
2154,CAC
2155,NATH
2156,ANDE
2157,YUMA
2158,CARO
2159,MCS
2160,GOOD
2161,CIA
2162,CLW
2163,AMRK
2164,ATHX
2165,CCD
2166,CEM
2167,DGII
2168,GMRE
2169,KRYS
2170,NTIP
2171,ORN
2172,PLXP
2173,SLGL
2174,SPEX
2175,VLGEA
2176,YTRA
2177,MKL
2178,EOI
2179,WRLD
2180,FICO
2181,GRC
2182,OLP
2183,PZN
2184,SYBT
2185,FTF
2186,HWKN
2187,SJW
2188,GFF
2189,CHY
2190,TORC
2191,VISI
2192,CEVA
2193,FLY
2194,AGX
2195,XOMA
2196,SMP
2197,NVIV
2198,DCAR
2199,GNK
2200,HCCI
2201,ILPT
2202,KIDS
2203,PULM
2204,SCYX
2205,SECO
2206,XPL
2207,EIG
2208,BST
2209,CHCO
2210,NXTD
2211,IBCP
2212,DNP
2213,INSW
2214,DCIX
2215,FLKS
2216,CHT
2217,EAD
2218,MBWM
2219,ETW
2220,RCKY
2221,KAMN
2222,USM
2223,POWI
2224,TDW
2225,HIL
2226,OOMA
2227,NTRA
2228,PGC
2229,UVE
2230,ATAX
2231,BTZ
2232,DPG
2233,FPF
2234,MBOT
2235,MIXT
2236,MOTS
2237,MTL
2238,NEXT
2239,NFBK
2240,NL
2241,PCI
2242,USEG
2243,SHG
2244,APTO
2245,CORR
2246,REV
2247,EGY
2248,MRSN
2249,SYX
2250,GHM
2251,GCO
2252,SNSS
2253,JBSS
2254,CUB
2255,RGR
2256,LPTH
2257,MITT
2258,TTEC
2259,FISI
2260,VCYT
2261,CGEN
2262,MOFG
2263,NVR
2264,RNST
2265,ULBI
2266,FOMX
2267,ESE
2268,FBMS
2269,ACIU
2270,KELYA
2271,TMP
2272,MGEN
2273,SQBG
2274,ACRE
2275,IMOS
2276,SPOK
2277,ABTX
2278,CAMT
2279,HMLP
2280,MCBC
2281,NRP
2282,PBT
2283,PLUS
2284,SDLP
2285,SELB
2286,THFF
2287,YIN
2288,GDP
2289,RFIL
2290,NCSM
2291,PRFT
2292,PFS
2293,CSWI
2294,TPHS
2295,DCUD
2296,BLBD
2297,NCNA
2298,KMPH
2299,ZLAB
2300,AMSC
2301,RCKT
2302,TGB
2303,YRD
2304,GAIN
2305,LRN
2306,RAVN
2307,MBIO
2308,ARDC
2309,CLSN
2310,HLG
2311,IFRX
2312,JGH
2313,KNOP
2314,LION
2315,MMAC
2316,NAO
2317,OCX
2318,RENN
2319,SMRT
2320,VRTV
2321,WKHS
2322,CLLS
2323,JJSF
2324,NTEC
2325,TTEK
2326,CTBI
2327,CCF
2328,IHG
2329,BATRA
2330,INTL
2331,FBIO
2332,BSRR
2333,EDUC
2334,FDEF
2335,PSLV
2336,NVMI
2337,ESXB
2338,FLXS
2339,VALU
2340,RIBT
2341,MYE
2342,GLPG
2343,RLGT
2344,FC
2345,NC
2346,APT
2347,EVI
2348,AGRX
2349,AGTC
2350,ALLT
2351,BANX
2352,CBIO
2353,CEA
2354,CNET
2355,DCPH
2356,HBB
2357,HBP
2358,HOFT
2359,ICLK
2360,ISTR
2361,KBAL
2362,LNDC
2363,NTRSP
2364,NWPX
2365,PRCP
2366,RM
2367,SYRS
2368,UTL
2369,WNEB
2370,ZEUS
2371,SCL
2372,ASCMA
2373,SALM
2374,NEWT
2375,NH
2376,HBMD
2377,SPNE
2378,FORR
2379,NTP
2380,STRL
2381,MFSF
2382,MRUS
2383,RILY
2384,STCN
2385,GRAM
2386,MMLP
2387,HBNC
2388,CUE
2389,INFU
2390,MGNX
2391,AMEH
2392,STN
2393,AXSM
2394,GHC
2395,CIK
2396,DCOM
2397,AMOT
2398,BKEP
2399,BRT
2400,BWFG
2401,CSV
2402,CVU
2403,DSM
2404,EBF
2405,FMBH
2406,GEOS
2407,HNP
2408,HTBX
2409,INBK
2410,KALV
2411,LIND
2412,MCRB
2413,NTWK
2414,PANL
2415,RCS
2416,REPH
2417,SVVC
2418,TYHT
2419,MRAM
2420,KALA
2421,WDFC
2422,BCBP
2423,TNAV
2424,GARS
2425,NP
2426,PSTI
2427,BHB
2428,FVE
2429,WTM
2430,LILA
2431,IBIO
2432,IEP
2433,LMNR
2434,VNRX
2435,AGLE
2436,RYTM
2437,CELH
2438,WEYS
2439,SBOW
2440,CHMI
2441,CERC
2442,DMF
2443,ALOT
2444,CBMG
2445,RBB
2446,STKS
2447,VOXX
2448,ESGR
2449,RIOT
2450,SORL
2451,ASND
2452,BSM
2453,BTAI
2454,CRMT
2455,CVCY
2456,CWCO
2457,EHTH
2458,GROW
2459,JCAP
2460,KINS
2461,MPX
2462,MRLN
2463,MVC
2464,NAC
2465,NETE
2466,NETS
2467,ORAN
2468,PCYG
2469,QIWI
2470,UFAB
2471,USAK
2472,UTSI
2473,VERI
2474,WHG
2475,FENC
2476,FARM
2477,ANIK
2478,SVRA
2479,TG
2480,BUSE
2481,HONE
2482,UHT
2483,IESC
2484,LITB
2485,RNET
2486,SMBC
2487,VCTR
2488,ZTR
2489,LMFA
2490,KAI
2491,PRQR
2492,UBA
2493,BREW
2494,FCBC
2495,MHO
2496,UTMD
2497,PCOM
2498,ATNI
2499,SCM
2500,AIRG
2501,BOSC
2502,CATB
2503,CDLX
2504,CNTY
2505,DAIO
2506,EFF
2507,EOLS
2508,ETB
2509,GECC
2510,HEAR
2511,IOR
2512,IVH
2513,KREF
2514,MRCC
2515,MTNB
2516,MTSC
2517,NEV
2518,NPK
2519,POWL
2520,PWOD
2521,SEED
2522,STON
2523,TAT
2524,TGLS
2525,TITN
2526,TLYS
2527,UQM
2528,WRLSU
2529,ZIONW
2530,ZYNE
2531,CTG
2532,PCYO
2533,SNOA
2534,DXYN
2535,CYRX
2536,COKE
2537,GSL
2538,TRC
2539,KNDI
2540,WHLR
2541,NSPR
2542,DXR
2543,RDHL
2544,PFSW
2545,GRIF
2546,CLAR
2547,PLOW
2548,TWIN
2549,SYNL
2550,CCLP
2551,FNWB
2552,TRT
2553,TSBK
2554,SPHS
2555,NGHCN
2556,VPG
2557,NHC
2558,INFI
2559,VSEC
2560,MGEE
2561,CVCO
2562,CAPL
2563,SP
2564,STBA
2565,MSN
2566,TBNK
2567,BFIN
2568,DKL
2569,ACGLP
2570,ACH
2571,ALG
2572,AMBR
2573,ARKR
2574,ATOS
2575,AXU
2576,BIOL
2577,BLW
2578,BTT
2579,CBTX
2580,CIGI
2581,CREG
2582,DNN
2583,DTW
2584,DUKH
2585,GENC
2586,IOSP
2587,IOTS
2588,JMLP
2589,MNOV
2590,NURO
2591,NVEC
2592,OVID
2593,OXFD
2594,PBIP
2595,PCTI
2596,PFNX
2597,PLM
2598,PLSE
2599,RBCAA
2600,RVP
2601,SAFE
2602,SAL
2603,SBPH
2604,SRAX
2605,SSI
2606,SUNS
2607,UWN
2608,VET
2609,WF
2610,XRF
2611,JP
2612,BCH
2613,IX
2614,SNGX
2615,NINE
2616,CSBR
2617,SPNS
2618,FF
2619,MBTF
2620,UGA
2621,HEB
2622,AVGR
2623,ACMR
2624,GWRS
2625,PRK
2626,PFBI
2627,CCBG
2628,IMH
2629,BMRC
2630,PDI
2631,AC
2632,DHIL
2633,PUB
2634,ESSA
2635,FFNW
2636,CELC
2637,OPY
2638,BOCH
2639,KWR
2640,SVA
2641,FCNCA
2642,XONE
2643,WTBA
2644,DL
2645,ULH
2646,ACHV
2647,ACT
2648,ALT
2649,ARD
2650,AROW
2651,AUMN
2652,AZRE
2653,BANF
2654,BDGE
2655,BELFB
2656,BHK
2657,BPT
2658,BYFC
2659,CEL
2660,CELP
2661,CHFS
2662,CHMG
2663,CMCL
2664,COE
2665,CPIX
2666,CPST
2667,CSTR
2668,CZFC
2669,DFP
2670,DRIO
2671,ELSE
2672,ERA
2673,ESLT
2674,EVOL
2675,FDEU
2676,FRBA
2677,FRSX
2678,GASS
2679,GBLI
2680,GEC
2681,GLIBP
2682,GPP
2683,IPDN
2684,JOUT
2685,KEQU
2686,LDP
2687,LIFE
2688,LORL
2689,LPCN
2690,LTBR
2691,MHH
2692,MLR
2693,MNP
2694,MYSZ
2695,NEPT
2696,NODK
2697,NTIC
2698,OBLN
2699,OFS
2700,PAR
2701,PIXY
2702,PYDS
2703,QUMU
2704,RDCM
2705,RELL
2706,SBI
2707,SDPI
2708,SGC
2709,SMBK
2710,SOHO
2711,SPKEP
2712,SPRT
2713,STRS
2714,TGA
2715,TIPT
2716,TROV
2717,TST
2718,TTNP
2719,TVC
2720,VTVT
2721,WSTL
2722,LMRK
2723,PBBI
2724,VRTS
2725,MBII
2726,FWP
2727,YORW
2728,TGEN
2729,SENEA
2730,TI
2731,BMTC
2732,CCRC
2733,EML
2734,CPTA
2735,PFMT
2736,EBAYL
2737,CRVL
2738,BBU
2739,PMBC
2740,ALBO
2741,URGN
2742,MSB
2743,BH
2744,JYNT
2745,GRBK
2746,FNLC
2747,MBCN
2748,NKSH
2749,AMNB
2750,CHA
2751,CHSCM
2752,LAND
2753,CHSCN
2754,HBANO
2755,CFFI
2756,ALX
2757,ATXI
2758,EDN
2759,ISG
2760,SHBI
2761,CWBR
2762,MXC
2763,MVO
2764,GFN
2765,IRIX
2766,CYAD
2767,XELA
2768,UFPT
2769,WIRE
2770,AKER
2771,CLPR
2772,TCFC
2773,GBL
2774,ATRI
2775,BRID
2776,AUBN
2777,DWSN
2778,OMP
2779,JOB
2780,OVBC
2781,AE
2782,AHPI
2783,AMBCW
2784,AMSF
2785,AP
2786,APWC
2787,ARCT
2788,ASPN
2789,AWRE
2790,AZRX
2791,BCRH
2792,BCTF
2793,BDR
2794,BDXA
2795,BLPH
2796,BNSO
2797,BSET
2798,BSTC
2799,BWEN
2800,CASS
2801,CHEK
2802,CHSCL
2803,CIDM
2804,CLWT
2805,CPAC
2806,CTS
2807,CTY
2808,CULP
2809,CVV
2810,CYCC
2811,CZWI
2812,DLA
2813,DRAD
2814,DTY
2815,EAE
2816,EBTC
2817,EDAP
2818,EKSO
2819,EMP
2820,ENJ
2821,ESP
2822,EVY
2823,EYES
2824,FBSS
2825,FCCY
2826,FLL
2827,FMAO
2828,FMNB
2829,FRA
2830,FSTR
2831,FTEK
2832,GNE
2833,GSBD
2834,GURE
2835,HALL
2836,HESM
2837,HFBC
2838,HNW
2839,IBKCP
2840,IIN
2841,IRMD
2842,ISNS
2843,JRJC
2844,JSYN
2845,KEN
2846,KTOV
2847,LAC
2848,LFVN
2849,LMB
2850,LOV
2851,LYL
2852,MAGS
2853,MCB
2854,MGIC
2855,MLVF
2856,MOSY
2857,MTR
2858,MZA
2859,NAII
2860,NID
2861,NTN
2862,NVFY
2863,NVUS
2864,OGEN
2865,OIIM
2866,OPNT
2867,OSN
2868,PBCTP
2869,PERI
2870,PFIE
2871,PHX
2872,PIY
2873,PKOH
2874,POLA
2875,RAVE
2876,RETO
2877,RGLS
2878,RNN
2879,ROSE
2880,RVSB
2881,SACH
2882,SANW
2883,SGBX
2884,SGOC
2885,SKYS
2886,SLS
2887,SMIT
2888,SMMF
2889,SPLP
2890,SRLP
2891,STAF
2892,STRM
2893,STRT
2894,SYN
2895,TDA
2896,TDE
2897,TENX
2898,TESS
2899,THW
2900,TLF
2901,TNXP
2902,TPL
2903,TRIB
2904,TSLF
2905,TWMC
2906,UFI
2907,USAU
2908,UUU
2909,UZA
2910,VJET
2911,VVPR
2912,WHF
2913,WHLRP
2914,WYY
2915,XENE
2916,XTNT
2917,YGYI
2918,YOGA
2919,ZDGE
2920,ZNH
2921,MTLS
2922,CSSE
2923,MSEX
2924,HGH
2925,NGHCO
2926,PED
2927,PRTO
2928,SEB
2929,SFST
2930,RA
2931,SHI
2932,LCNB
2933,PZG
2934,VRML
2935,UG
2936,NES
2937,SBBX
2938,WLFC
2939,ACER
2940,EVBN
2941,GCBC
2942,SOHOB
2943,DTJ
2944,PLPC
2945,FBIZ
2946,CLIR
2947,AMSWA
2948,RZA
2949,VLRX
2950,MKGI
2951,MIND
2952,IRCP
2953,RUSHB
2954,CMCT
2955,NCBS
2956,LWAY
2957,FCCO
2958,SLCT
2959,WTFCM
2960,OFED
2961,SINO
2962,BCOM
2963,NWLI
2964,NYMTP
2965,SWP
2966,CATC
2967,SAFT
2968,SGRP
2969,TPVG
2970,ICAD
2971,MICT
2972,NRIM
2973,EBMT
2974,ICBK
2975,BFS
2976,FGBI
2977,GRVY
2978,HIFS
2979,HX
2980,ITIC
2981,MLAB
2982,PEBK
2983,PVBC
2984,PYT
2985,SBFG
2986,SGMA
2987,SMMT
2988,TAC
2989,TCI
2990,AAMC
2991,AAME
2992,AAU
2993,ACGLO
2994,ACNB
2995,ACU
2996,ACV
2997,ACY
2998,ADOM
2999,AEB
3000,AETI
3001,AEY
3002,AEZS
3003,AFC
3004,AGNCN
3005,AHC
3006,AIHS
3007,AINC
3008,AIPT
3009,AIRI
3010,AIRT
3011,AIW
3012,AIY
3013,AIZP
3014,AJX
3015,AJXA
3016,AKTX
3017,ALCO
3018,ALJJ
3019,ALPN
3020,ALRN
3021,AMOV
3022,AMRB
3023,AMRH
3024,AMS
3025,APDN
3026,APEN
3027,APOP
3028,AQB
3029,ARCW
3030,ARL
3031,ARTNA
3032,ARTW
3033,ASFI
3034,ASM
3035,ASPU
3036,ASRV
3037,ASRVP
3038,ASTC
3039,ATEC
3040,ATLC
3041,ATLO
3042,ATV
3043,AUDC
3044,AUG
3045,AVNW
3046,AWX
3047,AXR
3048,BASI
3049,BBDO
3050,BCLI
3051,BCV
3052,BDL
3053,BELFA
3054,BEP
3055,BFRA
3056,BHV
3057,BKEPP
3058,BKSC
3059,BKYI
3060,BLFS
3061,BLIN
3062,BLNK
3063,BMRA
3064,BNTC
3065,BORN
3066,BOTJ
3067,BOXL
3068,BPMX
3069,BPOPM
3070,BPOPN
3071,BPTH
3072,BRAC
3073,BRN
3074,BRPA
3075,BRPAU
3076,BRQS
3077,BSQR
3078,BTN
3079,BURG
3080,BVSN
3081,BVXV
3082,BYSI
3083,CAAS
3084,CACG
3085,CADC
3086,CANF
3087,CAPR
3088,CARV
3089,CATS
3090,CBAN
3091,CBFV
3092,CBLI
3093,CBSHP
3094,CCCL
3095,CCM
3096,CCNE
3097,CCR
3098,CCZ
3099,CDMOP
3100,CDOR
3101,CEMI
3102,CETXP
3103,CFBI
3104,CFBK
3105,CGA
3106,CHCI
3107,CHKE
3108,CHMA
3109,CHN
3110,CHNR
3111,CHSCO
3112,CHSCP
3113,CIC
3114,CIFS
3115,CINR
3116,CIX
3117,CIZN
3118,CJJD
3119,CKX
3120,CLBS
3121,CLDC
3122,CLFD
3123,CLGN
3124,CLRB
3125,CLRO
3126,CMFN
3127,CMU
3128,CNFR
3129,COCP
3130,CODA
3131,CODX
3132,COHN
3133,CPAH
3134,CPHC
3135,CPSH
3136,CPSS
3137,CRT
3138,CSA
3139,CSPI
3140,CSWC
3141,CTHR
3142,CTIB
3143,CTRV
3144,CTXR
3145,CUI
3146,CUO
3147,CVLY
3148,CVM
3149,CVR
3150,CWBC
3151,CXDC
3152,CYAN
3153,CYCCP
3154,CYRN
3155,CYTR
3156,CYTX
3157,CZNC
3158,DAC
3159,DARE
3160,DDT
3161,DGICB
3162,DGLY
3163,DGSE
3164,DHXM
3165,DISCB
3166,DIT
3167,DJCO
3168,DLHC
3169,DLNG
3170,DLPN
3171,DMLP
3172,DMPI
3173,DNJR
3174,DOGZ
3175,DRD
3176,DSWL
3177,DTEA
3178,DTQ
3179,DUSA
3180,DVCR
3181,DVD
3182,DXF
3183,DYNC
3184,DYNT
3185,DYSL
3186,DZSI
3187,EAB
3188,EAST
3189,ECCA
3190,ECCB
3191,ECF
3192,EDF
3193,EFBI
3194,EFOI
3195,ELC
3196,ELJ
3197,ELLO
3198,ELMD
3199,ELTK
3200,ELVT
3201,EMCF
3202,EMMS
3203,EMX
3204,ENG
3205,ENO
3206,ENSV
3207,EPIX
3208,EQS
3209,ERYP
3210,ESBA
3211,ESBK
3212,ESCA
3213,ESEA
3214,ESQ
3215,ESTR
3216,EVFM
3217,EVGN
3218,EVK
3219,EVN
3220,EVOK
3221,EXFO
3222,EYEG
3223,EYEN
3224,EZT
3225,FAMI
3226,FAT
3227,FBIOP
3228,FCAL
3229,FCAP
3230,FDBC
3231,FEIM
3232,FFBW
3233,FFHL
3234,FISK
3235,FITBI
3236,FLGT
3237,FNCB
3238,FORD
3239,FORK
3240,FORTY
3241,FPAY
3242,FRD
3243,FSBC
3244,FSBW
3245,FSFG
3246,FSI
3247,FTEO
3248,FTFT
3249,FTNW
3250,FUNC
3251,FUSB
3252,FUV
3253,FXCH
3254,FXS
3255,GAINM
3256,GBR
3257,GENE
3258,GEVO
3259,GFED
3260,GFNCP
3261,GFNSL
3262,GIGM
3263,GILT
3264,GJS
3265,GJT
3266,GLBS
3267,GLBZ
3268,GMLPP
3269,GMO
3270,GMTA
3271,GNTY
3272,GNUS
3273,GOODM
3274,GPAQ
3275,GPAQU
3276,GRN
3277,GSB
3278,GSH
3279,GSIT
3280,GTIM
3281,GTYH
3282,GULF
3283,GVP
3284,GWGH
3285,GYC
3286,GYRO
3287,HBANN
3288,HBCP
3289,HCAC
3290,HCAP
3291,HEBT
3292,HFBL
3293,HGSH
3294,HHS
3295,HIHO
3296,HMG
3297,HMNF
3298,HNNA
3299,HNRG
3300,HOVNP
3301,HRZN
3302,HURC
3303,HUSA
3304,HVBC
3305,HWBK
3306,HWCC
3307,HYAC
3308,HYACU
3309,HYB
3310,IBA
3311,IBKCO
3312,ICCC
3313,ICCH
3314,IDSA
3315,IDXG
3316,IEC
3317,IGC
3318,IHC
3319,IHT
3320,IID
3321,IKNX
3322,IMMP
3323,IMRN
3324,IMTE
3325,INOD
3326,INS
3327,INSE
3328,INTG
3329,INVE
3330,IPB
3331,IPIC
3332,IPWR
3333,IROQ
3334,ISDR
3335,ISIG
3336,ISR
3337,ISSC
3338,ITCB
3339,IZEA
3340,JBR
3341,JCS
3342,JCTCF
3343,JHB
3344,JHX
3345,JMP
3346,JMU
3347,JPI
3348,JSM
3349,JVA
3350,KBLM
3351,KBLMU
3352,KBSF
3353,KELYB
3354,KFFB
3355,KFS
3356,KGJI
3357,KIQ
3358,KMDA
3359,KMPA
3360,KOSS
3361,KRP
3362,KTCC
3363,KTN
3364,KZIA
3365,LACQ
3366,LACQU
3367,LAKE
3368,LANDP
3369,LARK
3370,LAWS
3371,LAZY
3372,LBTYB
3373,LCA
3374,LCAHU
3375,LEDS
3376,LEU
3377,LGC
3378,LGL
3379,LINC
3380,LINDW
3381,LIVE
3382,LIVX
3383,LLIT
3384,LMRKO
3385,LMRKP
3386,LND
3387,LOAN
3388,LONE
3389,LOOP
3390,LSBK
3391,LSXMB
3392,LTRPB
3393,LTRX
3394,LUB
3395,LXFR
3396,MANU
3397,MARPS
3398,MAYS
3399,MCEP
3400,MCV
3401,MCX
3402,MDLY
3403,MELR
3404,MESO
3405,MFO
3406,MGYR
3407,MHE
3408,MHNC
3409,MICR
3410,MINDP
3411,MJCO
3412,MLP
3413,MLSS
3414,MMD
3415,MNI
3416,MOSC
3417,MOXC
3418,MPB
3419,MPVD
3420,MRBK
3421,MSBF
3422,MSON
3423,MTBCP
3424,MTEC
3425,MTEX
3426,MTP
3427,MTSL
3428,MUDS
3429,MUDSU
3430,MVBF
3431,MYND
3432,MYOS
3433,NAKD
3434,NAOV
3435,NATR
3436,NAVB
3437,NBB
3438,NBN
3439,NBY
3440,NCTY
3441,NDRA
3442,NEBU
3443,NEBUU
3444,NEN
3445,NESR
3446,NEWA
3447,NGHCP
3448,NGVC
3449,NHLD
3450,NHTC
3451,NICK
3452,NMI
3453,NMRD
3454,NNDM
3455,NNVC
3456,NOM
3457,NRT
3458,NSEC
3459,NSS
3460,NSYS
3461,NTRP
3462,NTZ
3463,NWFL
3464,NWHM
3465,NYMTN
3466,NYMTO
3467,OASM
3468,OBAS
3469,OBCI
3470,OBSV
3471,OCC
3472,ODC
3473,OESX
3474,OFLX
3475,OGCP
3476,OHRP
3477,OPGN
3478,OPHC
3479,OPOF
3480,ORGS
3481,ORMP
3482,ORRF
3483,OSBCP
3484,OTEL
3485,OTTW
3486,OVLY
3487,OXBR
3488,OXBRW
3489,OXLCM
3490,OXLCO
3491,PATI
3492,PAVM
3493,PBB
3494,PBHC
3495,PCM
3496,PDEX
3497,PDLB
3498,PESI
3499,PETZ
3500,PFH
3501,PFIN
3502,PFIS
3503,PIH
3504,PKBK
3505,PKO
3506,PLBC
3507,PLG
3508,PLYM
3509,PMD
3510,PME
3511,PNBK
3512,PNRG
3513,POPE
3514,PRH
3515,PROV
3516,PRPH
3517,PRPL
3518,PTNR
3519,PTSI
3520,PW
3521,PXS
3522,PZC
3523,QADB
3524,QBAK
3525,QRHC
3526,QRTEB
3527,RAND
3528,RBCN
3529,RBNC
3530,RCMT
3531,RCON
3532,RDIB
3533,REED
3534,REFR
3535,RELV
3536,RGCO
3537,RGT
3538,RMBL
3539,RMCF
3540,RNDB
3541,ROSEU
3542,SAEX
3543,SAMG
3544,SAR
3545,SAUC
3546,SBOT
3547,SBR
3548,SCA
3549,SCD
3550,SCKT
3551,SCX
3552,SELF
3553,SENEB
3554,SES
3555,SFB
3556,SFBC
3557,SGA
3558,SGB
3559,SGLB
3560,SHIP
3561,SHIPW
3562,SHSP
3563,SIEB
3564,SIF
3565,SIFY
3566,SIM
3567,SLMBP
3568,SLNO
3569,SMED
3570,SMSI
3571,SMTS
3572,SMTX
3573,SNDE
3574,SNES
3575,SNFCA
3576,SNMP
3577,SNSR
3578,SOHOO
3579,SOL
3580,SPCB
3581,SPI
3582,SPPP
3583,SPRO
3584,SRTS
3585,SSBI
3586,SSKN
3587,SSNT
3588,SSY
3589,SUMR
3590,SUNW
3591,SVBI
3592,SVT
3593,SXI
3594,SYPR
3595,TACOW
3596,TACT
3597,TAIT
3598,TATT
3599,TAYD
3600,TCBIL
3601,TCBIP
3602,TCCO
3603,TDI
3604,TDJ
3605,TGC
3606,THGA
3607,TIBRU
3608,TKAT
3609,TMQ
3610,TMSR
3611,TPGH
3612,TRCH
3613,TRIL
3614,TRMD
3615,TRMT
3616,TRNS
3617,TRPX
3618,TRX
3619,TSRI
3620,TURN
3621,TVE
3622,TZOO
3623,UAMY
3624,UBCP
3625,UBOH
3626,UBP
3627,UNAM
3628,UNB
3629,UNTY
3630,UONE
3631,UONEK
3632,USAP
3633,USAS
3634,USATP
3635,USDP
3636,USL
3637,USLM
3638,UZC
3639,VBFC
3640,VCF
3641,VIRC
3642,VNCE
3643,VRNA
3644,VRTSP
3645,VTGN
3646,VTNR
3647,VVUS
3648,VXRT
3649,WEBK
3650,WHLM
3651,WHLRD
3652,WILC
3653,WINA
3654,WINS
3655,WRLS
3656,WRN
3657,WSTG
3658,WTT
3659,WVFC
3660,WVVI
3661,WVVIP
3662,XBIO
3663,XBIT
3664,XELB
3665,XTLB
3666,YRIV
3667,YTEN
3668,ZKIN
3669,ZOM
3670,ZYME
3671,ALC
3672,AMCR
3673,AMRX
3674,HKIB
3675,PLAN
3676,APY
3677,APHA
3678,ACA
3679,ARGO
3680,ARLO
3681,AMK
3682,ACB
3683,AVLR
3684,AVNS
3685,AVTR
3686,EQH
3687,AX
3688,BRPM
3689,BCSF
3690,BBDC
3691,BHC
3692,BBAR
3693,BEST
3694,BJ
3695,BE
3696,BORR
3697,BHR
3698,MNRL
3699,BSIG
3700,BV
3701,CANG
3702,CTST
3703,CGC
3704,CPRI
3705,CDAY
3706,CHAP
3707,CHRA
3708,CHWY
3709,CCC
3710,CWEN
3711,CNF
3712,CCEP
3713,CCH
3714,CLNY
3715,CTRA
3716,CTK
3717,CPLG
3718,CNR
3719,CTVA
3720,CVIA
3721,CWK
3722,DELL
3723,DBI
3724,DSSI
3725,DOW
3726,DD
3727,DT
3728,ELAN
3729,ESTC
3730,ESI
3731,DAVA
3732,ET
3733,EQNR
3734,ETRN
3735,EPRT
3736,EB
3737,EVRG
3738,XAN
3739,FPAC
3740,FTCH
3741,FSLY
3742,FVRR
3743,FLNG
3744,FSK
3745,GTX
3746,GL
3747,GRAF
3748,EAF
3749,GHG
3750,GSAH
3751,GSX
3752,HNGR
3753,PSV
3754,HCR
3755,HPR
3756,HCFT
3757,HUYA
3758,IAA
3759,INSP
3760,IFS
3761,JEF
3762,JMIA
3763,KDP
3764,KTB
3765,LHX
3766,LAIX
3767,LEAF
3768,LHC
3769,LEVI
3770,LIN
3771,LINX
3772,LTHM
3773,RAMP
3774,MGY
3775,MEC
3776,MDLA
3777,MFAC
3778,AMPY
3779,MUFG
3780,MOGU
3781,MR
3782,NSCO
3783,NIO
3784,NVT
3785,ONE
3786,ORCC
3787,PACD
3788,PD
3789,PSN
3790,PRT
3791,PRSP
3792,PHR
3793,PINS
3794,PIC
3795,PSTL
3796,PROS
3797,NEW
3798,PYX
3799,RMED
3800,PACK
3801,RC
3802,RPLA
3803,REZI
3804,RVI
3805,RVLV
3806,RMG
3807,RTW
3808,SRL
3809,SITC
3810,WORK
3811,SMAR
3812,SWI
3813,SPAQ
3814,SPOT
3815,MSC
3816,STG
3817,NOVA
3818,SUZ
3819,TAK
3820,TGE
3821,TALO
3822,TME
3823,SHLL
3824,TRNE
3825,TUFN
3826,TRWH
3827,USX
3828,UBER
3829,UI
3830,VAL
3831,VAPO
3832,VNE
3833,WEI
3834,WYND
3835,WH
3836,XYF
3837,YETI
3838,ZUO
3839,YI
3840,BCOW
3841,QFIN
3842,JFK
3843,JFKKU
3844,JFU
3845,ACAM
3846,ADPT
3847,ADIL
3848,ARPO
3849,AFYA
3850,AGMH
3851,ANTE
3852,KERN
3853,AKRO
3854,ALAC
3855,ALACU
3856,ALEC
3857,ALYA
3858,ALLK
3859,ALGR
3860,AESE
3861,ALLO
3862,ATHE
3863,ALTM
3864,AMAL
3865,AMCI
3866,AMCIU
3867,AMTB
3868,AMTBB
3869,AFIN
3870,AREC
3871,ANCN
3872,ANDA
3873,ANIX
3874,ATEX
3875,APEX
3876,APLT
3877,APTX
3878,APM
3879,APYX
3880,AQST
3881,ARAV
3882,ARCE
3883,ARDS
3884,ARTL
3885,ARVN
3886,ARYA
3887,ASLN
3888,ASRT
3889,ATIF
3890,AUB
3891,BCEL
3892,ATIS
3893,AEYE
3894,JG
3895,AUTL
3896,AVCO
3897,AVRO
3898,AXLA
3899,AXNX
3900,AXGT
3901,BFC
3902,OZK
3903,BSVN
3904,GLG
3905,BCML
3906,BLU
3907,BRY
3908,XAIR
3909,BYND
3910,BCYC
3911,BILI
3912,BCDA
3913,BHTG
3914,BNGO
3915,BSGM
3916,BHAT
3917,BWMC
3918,BWAY
3919,BBI
3920,BBIO
3921,BPR
3922,DOOO
3923,BFST
3924,CMBM
3925,CBNK
3926,SAVA
3927,CSTL
3928,CTRM
3929,CBAT
3930,CBMB
3931,CTRC
3932,CFFA
3933,CFFAU
3934,CHNG
3935,CTAC
3936,CIH
3937,SXTC
3938,PLIN
3939,CLPS
3940,CCB
3941,CLBK
3942,SCOR
3943,BBCP
3944,CNST
3945,ROAD
3946,AWSM
3947,CORV
3948,CRTX
3949,CLDB
3950,CVET
3951,CREX
3952,CRSA
3953,CRNX
3954,CFB
3955,CRWD
3956,CMLS
3957,CYCN
3958,DTSS
3959,DDMX
3960,DMTK
3961,DMAC
3962,DPHC
3963,DOCU
3964,DOMO
3965,DOYU
3966,DBX
3967,DYAI
3968,EDSA
3969,EDNT
3970,EDTX
3971,EIDX
3972,SOLO
3973,ECOR
3974,ELOX
3975,EMMA
3976,ENLV
3977,ENOB
3978,ENTX
3979,EVSI
3980,EPSN
3981,EQ
3982,ESTA
3983,ETON
3984,EDRY
3985,EVLO
3986,EVER
3987,EVOP
3988,XCUR
3989,EXPI
3990,EYPT
3991,FLMN
3992,FTAC
3993,FTACU
3994,FCBP
3995,FXNC
3996,FSEA
3997,MYFW
3998,FLNT
3999,FLUX
4000,FOCS
4001,FTSV
4002,FMCI
4003,FMCIU
4004,FRAF
4005,FTDR
4006,FULC
4007,FVCB
4008,GMDA
4009,GNFT
4010,GMAB
4011,GNPX
4012,DRIV
4013,AIQ
4014,GNOM
4015,GSHD
4016,GRSH
4017,GRSHU
4018,GMHI
4019,GOSS
4020,GNLN
4021,GRNQ
4022,GSKY
4023,GRIN
4024,GRTS
4025,GO
4026,GH
4027,GHSI
4028,HJLI
4029,HWC
4030,HARP
4031,HROW
4032,HHR
4033,HCAT
4034,HLIO
4035,HSDT
4036,HEPA
4037,HFFG
4038,HCCH
4039,FIXX
4040,HOOK
4041,HOTH
4042,HHT
4043,HYRE
4044,IIIV
4045,IDEX
4046,IDYA
4047,IHRT
4048,IMAC
4049,IMBI
4050,IMUX
4051,IMV
4052,IEA
4053,INMD
4054,INMB
4055,INSU
4056,IMXI
4057,ICMB
4058,IQ
4059,ITMR
4060,ITRM
4061,ISEE
4062,JRSH
4063,JFIN
4064,KXIN
4065,KLDO
4066,KRTX
4067,KZR
4068,KNSA
4069,KLXE
4070,KOD
4071,KRUS
4072,LEGH
4073,LEVL
4074,LFAC
4075,LMST
4076,YVR
4077,LQDA
4078,LVGO
4079,LOGC
4080,LOAC
4081,LOACU
4082,LK
4083,LKCO
4084,LYFT
4085,MGTA
4086,MNSB
4087,MRKR
4088,MDJH
4089,MGTX
4090,MREO
4091,MESA
4092,MSVB
4093,MIST
4094,MLND
4095,TIGO
4096,MIRM
4097,MTC
4098,MRNA
4099,MOGO
4100,MWK
4101,MNCL
4102,MORF
4103,MOR
4104,COOP
4105,NRC
4106,NTUS
4107,NMCI
4108,NLTX
4109,NTGN
4110,NEPH
4111,NBSE
4112,STIM
4113,NFE
4114,NXTC
4115,NXGN
4116,BIMI
4117,NGM
4118,NIU
4119,LASR
4120,OPI
4121,OCCI
4122,ONCY
4123,ONCT
4124,OSPN
4125,OSW
4126,OPBK
4127,OPRA
4128,OPES
4129,OPRX
4130,ORTX
4131,OGI
4132,ORGO
4133,OBNK
4134,OSMT
4135,OTLK
4136,OXSQ
4137,PLMR
4138,PNRL
4139,PAYS
4140,PCB
4141,PDSB
4142,PEER
4143,PSNL
4144,PHAS
4145,PHIO
4146,PHUN
4147,PLL
4148,PDD
4149,PT
4150,PBFS
4151,PS
4152,PSTV
4153,PTE
4154,PPHI
4155,PBTS
4156,DTIL
4157,POAI
4158,PBIO
4159,PRVL
4160,PRNB
4161,PRTH
4162,PAAC
4163,PAACU
4164,PTVCA
4165,PTVCB
4166,PRVB
4167,PHCF
4168,PACQ
4169,PACQU
4170,PUYI
4171,QTT
4172,RTLR
4173,RRBI
4174,RDVT
4175,RBZ
4176,REKR
4177,RPAY
4178,REPL
4179,REXN
4180,RBKB
4181,RMBI
4182,RIVE
4183,RUBY
4184,RUHN
4185,SFET
4186,SLRX
4187,SRRK
4188,SAMA
4189,SCPL
4190,WORX
4191,SEEL
4192,SIC
4193,SESN
4194,SWAV
4195,SIBN
4196,SIGA
4197,SILK
4198,SINT
4199,SG
4200,SOLY
4201,SONM
4202,SONO
4203,SPFI
4204,SY
4205,STXB
4206,SLNG
4207,STND
4208,MITO
4209,STOK
4210,STNE
4211,WISA
4212,SNDL
4213,SLGG
4214,SURF
4215,STRO
4216,SSSS
4217,SVMK
4218,THOR
4219,TLC
4220,TAOP
4221,TH
4222,TRNX
4223,TCRR
4224,TENB
4225,TZAC
4226,WTER
4227,BPRN
4228,LOVE
4229,PECK
4230,REAL
4231,TIBR
4232,TLRY
4233,TMDI
4234,TLSA
4235,TKKS
4236,TKKSU
4237,TOTA
4238,TBLT
4239,TW
4240,TBIO
4241,TMDX
4242,TRVI
4243,TPCO
4244,TCDA
4245,TDAC
4246,TC
4247,TPTX
4248,THCB
4249,BROG
4250,TWST
4251,USWS
4252,UBX
4253,UMRX
4254,TIGR
4255,UPWK
4256,MYT
4257,UROV
4258,USIO
4259,UXIN
4260,VCNX
4261,VTIQ
4262,VERB
4263,VERY
4264,VRRM
4265,VRCA
4266,VMD
4267,VFF
4268,VIOT
4269,VTSI
4270,VISL
4271,WAFU
4272,WTRH
4273,WSG
4274,WTRE
4275,HHHH
4276,WW
4277,WRTC
4278,XFOR
4279,XERS
4280,XPEL
4281,YMAB
4282,YJ
4283,ZM
4284,ZVO
4285,ZYXI
4286,UAVS
4287,AGE
4288,AMBO
4289,ARMP
4290,BIOX
4291,BKTI
4292,YCBD
4293,AIM
4294,ITP
4295,LCTX
4296,MMX
4297,MRIC
4298,PLAG
4299,SILV
4300,SDI
4301,STXS
4302,VOLT
4303,ACEL
4304,RFL
4305,BKR
4306,BRBR
4307,J
4308,BRMK
4309,EPAC
4310,DAO
4311,SCU
4312,ONTO
4313,PEAK
4314,PING
4315,NET
4316,NEX
4317,NVST
4318,SI
4319,SPCE
4320,TFC
4321,ALRS
4322,AACG
4323,APRE
4324,ETTX
4325,MDRR
4326,AHCO
4327,AIH
4328,BRP
4329,CNTG
4330,PHAT
4331,BBQ
4332,SDC
4333,PGNY
4334,DHC
4335,NLOK
4336,SVC
4337,IPHA
4338,TXG
4339,MCBS
4340,DDOG
4341,HQI
4342,YAYO
4343,FREQ
4344,GTEC
4345,CRNC
4346,GRTX
4347,HBT
4348,CNSP
4349,STSA
4350,TCOM
4351,RCEL
4352,PTON
4353,TELA
4354,VERO
4355,PNTG
4356,BXRX
4357,CABA
4358,GOODN
4359,FRG
4360,PWFL
4361,KRKR
4362,IGMS
4363,OCGN
4364,XGN
4365,SWKH
4366,CNNB
4367,QMCO
4368,KRMD
4369,GNSS
4370,FRHC
4371,JAN
4372,OPRT
4373,FUTU
4374,BNTX
4375,SWTX
4376,HERO
4377,OYST
4378,VIE
4379,VIR
4380,DUO
4381,HAPP
4382,GRWG
4383,SITM
4384,MOHO
4385,ETNB
4386,LMNL
4387,NWGI
4388,RAPT
4389,SONG
4390,RLMD
4391,TFFP
4392,PROF
4393,QK
4394,THMO
4395,THTX
4396,SNCA
4397,CAN
4398,PHGE
4399,COWNL
4400,ALACR
4401,PTMN
4402,HCCHR
4403,USWSW
4404,OPGNW
4405,TOTAR
4406,EQX
4407,PRS
4408,PVT
4409,UZB
4410,PBY
